{"entities":{"pages":{"Portada":{"id":"Portada","title":"Proyecto Rector","url":"portada.html","level":0,"tabIndex":0},"Introduccion":{"id":"Introduccion","title":"Introducción","url":"introduccion.html","level":0,"tabIndex":1},"Problematica":{"id":"Problematica","title":"Problematica","url":"problematica.html","level":0,"tabIndex":2},"Solucion":{"id":"Solucion","title":"Solucion","url":"solucion.html","level":0,"pages":["Teoría","Practica"],"tabIndex":3},"Teoría":{"id":"Teoría","title":"Teoría","url":"teoría.html","level":1,"parentId":"Solucion","pages":["Clasificación","Grado-y-Orden"],"tabIndex":0},"Clasificación":{"id":"Clasificación","title":"Clasificación","url":"clasificación.html","level":2,"parentId":"Teoría","tabIndex":0},"Grado-y-Orden":{"id":"Grado-y-Orden","title":"Grado y Orden","url":"grado-y-orden.html","level":2,"parentId":"Teoría","tabIndex":1},"Practica":{"id":"Practica","title":"Practica","url":"practica.html","level":1,"parentId":"Solucion","tabIndex":1},"Programación":{"id":"Programación","title":"Programación","url":"programación.html","level":0,"tabIndex":4}}},"topLevelIds":["Portada","Introduccion","Problematica","Solucion","Programación"]}